{
  "languageTag" : "default",
  "keys" : {
    "systemFlowName_Help" : {
      "message" : "Intent00002",
      "extensionType" : null,
      "trackingId" : "F1836B47-D102-43AE-8012-C571A2BCFAE6",
      "annotation" : null
    },
    "systemFlowName_Greetings" : {
      "message" : "Intent00001",
      "extensionType" : null,
      "trackingId" : "AD032D44-3B45-4EDC-B8BB-6105D64EF532",
      "annotation" : null
    },
    "systemFlowName_WeatherForecast" : {
      "message" : "Intent00003",
      "extensionType" : null,
      "trackingId" : "BB37A32E-7C3B-4EF3-A4DD-145650E3F5D5",
      "annotation" : null
    }
  }
}