{
  "name" : "Greetings",
  "type" : "NLPIntent",
  "trackingId" : "FF68D851-55F2-4C57-BE95-5030BFBA6720",
  "enabled" : true,
  "intentParameters" : [ ],
  "exampleData" : [ {
    "sentence" : "Hello",
    "trackingId" : "F0F83D0C-FA31-4D34-822C-7B4D1A794380",
    "nativeLanguageTag" : "en",
    "translated" : null,
    "detectedLanguage" : null,
    "translatedLanguage" : null,
    "translatedBy" : null,
    "crowdJobId" : null,
    "contributor" : null,
    "developerId" : null,
    "developerTag" : null,
    "exampleEntities" : [ ]
  }, {
    "sentence" : "Hi",
    "trackingId" : "E35761A5-0D2F-411D-85CF-B55334A36DBB",
    "nativeLanguageTag" : "en",
    "translated" : null,
    "detectedLanguage" : null,
    "translatedLanguage" : null,
    "translatedBy" : null,
    "crowdJobId" : null,
    "contributor" : null,
    "developerId" : null,
    "developerTag" : null,
    "exampleEntities" : [ ]
  }, {
    "sentence" : "Hey",
    "trackingId" : "716A333E-D6C5-4840-9CC8-4DF165AFA5B4",
    "nativeLanguageTag" : "en",
    "translated" : null,
    "detectedLanguage" : null,
    "translatedLanguage" : null,
    "translatedBy" : null,
    "crowdJobId" : null,
    "contributor" : null,
    "developerId" : null,
    "developerTag" : null,
    "exampleEntities" : [ ]
  }, {
    "sentence" : "Good morning",
    "trackingId" : "95702293-3746-48B7-892E-81095BFD988C",
    "nativeLanguageTag" : "en",
    "translated" : null,
    "detectedLanguage" : null,
    "translatedLanguage" : null,
    "translatedBy" : null,
    "crowdJobId" : null,
    "contributor" : null,
    "developerId" : null,
    "developerTag" : null,
    "exampleEntities" : [ ]
  } ],
  "autoCompleteData" : [ ]
}